{
  "simulation_parameters": {
    "reynolds_number": 10000,
    "grid_size": [
      64,
      64
    ],
    "rational_order": [
      4,
      4
    ],
    "timesteps": 10,
    "dt": 0.01
  },
  "results": {
    "filter_time_seconds": 0.10526323318481445,
    "energy_retention": 0.00019117554031437232,
    "stability_summary": {
      "final_spectral_radius": 9.061897584132293,
      "max_energy_drift": 79.88643761072345,
      "final_max_velocity": 0.004227423242505938,
      "total_timesteps": 1,
      "stable": false
    },
    "final_max_velocity": 0.004227423242505938,
    "final_max_vorticity": 0.005212698642708504
  },
  "validation": {
    "energy_conserved": false,
    "simulation_stable": false,
    "physically_realistic": true
  }
}